{"cameraMode":{"drawMode":0,"name":"Shaded","section":"Shading Mode"},"sceneLighting":false,"audioPlay":false,"sceneViewState":{"m_AlwaysRefresh":false,"showFog":true,"showSkybox":false,"showFlares":true,"showImageEffects":true,"showParticleSystems":true,"showVisualEffectGraphs":true,"m_FxEnabled":true},"in2DMode":false,"pivot":{"x":0.6763755679130554,"y":-0.30818891525268557,"z":4.035170078277588},"rotation":{"x":0.2955761253833771,"y":0.06086363270878792,"z":-0.015578342601656914,"w":0.9537978768348694},"size":3.7830259799957277,"orthographic":false}