{"cameraMode":{"drawMode":0,"name":"Shaded","section":"Shading Mode"},"sceneLighting":false,"audioPlay":false,"sceneViewState":{"m_AlwaysRefresh":false,"showFog":true,"showSkybox":false,"showFlares":true,"showImageEffects":true,"showParticleSystems":true,"showVisualEffectGraphs":true,"m_FxEnabled":true},"in2DMode":false,"pivot":{"x":5.979999542236328,"y":-0.4449999928474426,"z":1.3600001335144044},"rotation":{"x":0.49720466136932375,"y":-0.17144471406936646,"z":0.10516946762800217,"w":0.8445635437965393},"size":3.8788299560546877,"orthographic":false}