{"cameraMode":{"drawMode":0,"name":"Shaded","section":"Shading Mode"},"sceneLighting":true,"audioPlay":false,"sceneViewState":{"m_AlwaysRefresh":false,"showFog":true,"showSkybox":true,"showFlares":true,"showImageEffects":true,"showParticleSystems":true,"showVisualEffectGraphs":true,"m_FxEnabled":true},"in2DMode":false,"pivot":{"x":188.2347412109375,"y":989.0369873046875,"z":6.328543186187744},"rotation":{"x":-0.004201438277959824,"y":0.008368264883756638,"z":-0.0014945915900170804,"w":1.0006530284881592},"size":1507.1513671875,"orthographic":true}