{"cameraMode":{"drawMode":0,"name":"Shaded","section":"Shading Mode"},"sceneLighting":true,"audioPlay":false,"sceneViewState":{"m_AlwaysRefresh":false,"showFog":true,"showSkybox":true,"showFlares":true,"showImageEffects":true,"showParticleSystems":true,"showVisualEffectGraphs":true,"m_FxEnabled":true},"in2DMode":false,"pivot":{"x":11.216200828552246,"y":0.16842246055603028,"z":17.10173797607422},"rotation":{"x":-0.32765552401542666,"y":-0.29814183712005618,"z":0.10596173256635666,"w":-0.8909577131271362},"size":2.5164875984191896,"orthographic":false}