{"cameraMode":{"drawMode":0,"name":"Shaded","section":"Shading Mode"},"sceneLighting":true,"audioPlay":false,"sceneViewState":{"m_AlwaysRefresh":false,"showFog":true,"showSkybox":true,"showFlares":true,"showImageEffects":true,"showParticleSystems":true,"showVisualEffectGraphs":true,"m_FxEnabled":true},"in2DMode":false,"pivot":{"x":0.2933979034423828,"y":-1262.3065185546875,"z":629.5691528320313},"rotation":{"x":0.5401606559753418,"y":-0.014621860347688198,"z":0.011700709350407124,"w":0.8422130942344666},"size":734.5908813476563,"orthographic":false}