{"cameraMode":{"drawMode":0,"name":"Shaded","section":"Shading Mode"},"sceneLighting":false,"audioPlay":false,"sceneViewState":{"m_AlwaysRefresh":false,"showFog":true,"showSkybox":false,"showFlares":true,"showImageEffects":true,"showParticleSystems":true,"showVisualEffectGraphs":true,"m_FxEnabled":true},"in2DMode":false,"pivot":{"x":-0.06688447296619415,"y":-0.11579765379428864,"z":0.45125991106033327},"rotation":{"x":0.09939989447593689,"y":0.9009759426116943,"z":-0.25266242027282717,"w":0.33976560831069949},"size":0.5196157693862915,"orthographic":false}