{"cameraMode":{"drawMode":0,"name":"Shaded","section":"Shading Mode"},"sceneLighting":false,"audioPlay":false,"sceneViewState":{"m_AlwaysRefresh":false,"showFog":true,"showSkybox":false,"showFlares":true,"showImageEffects":true,"showParticleSystems":true,"showVisualEffectGraphs":true,"m_FxEnabled":true},"in2DMode":false,"pivot":{"x":-7.636833190917969,"y":10.216522216796875,"z":10.854082107543946},"rotation":{"x":0.27310335636138918,"y":0.29683035612106326,"z":-0.08464876562356949,"w":0.9116078615188599},"size":4.170714378356934,"orthographic":false}