{"cameraMode":{"drawMode":0,"name":"Shaded","section":"Shading Mode"},"sceneLighting":false,"audioPlay":false,"sceneViewState":{"m_AlwaysRefresh":false,"showFog":true,"showSkybox":false,"showFlares":true,"showImageEffects":true,"showParticleSystems":true,"showVisualEffectGraphs":true,"m_FxEnabled":true},"in2DMode":false,"pivot":{"x":1.5323286056518555,"y":2.501019239425659,"z":0.11446404457092285},"rotation":{"x":0.09442634880542755,"y":-0.8970454931259155,"z":0.24838873744010926,"w":0.35447752475738528},"size":0.9794966578483582,"orthographic":false}